<?xml version="1.0" encoding="UTF-8"?>
<project-private xmlns="http://www.netbeans.org/ns/project-private/1">
    <editor-bookmarks xmlns="http://www.netbeans.org/ns/editor-bookmarks/2" lastBookmarkId="1">
        <file>
            <url>web/customer/includes/header.jsp</url>
            <bookmark id="1">
                <name/>
                <line>0</line>
                <key/>
            </bookmark>
        </file>
    </editor-bookmarks>
    <open-files xmlns="http://www.netbeans.org/ns/projectui-open-files/2">
        <group>
            <file>file:/C:/Users/ADMIN/OneDrive/Desktop/Swp_ver4/Project_Hotel_RoomBooking/src/java/controller/RegisterDetailServlet.java</file>
            <file>file:/C:/Users/ADMIN/OneDrive/Desktop/Swp_ver4/Project_Hotel_RoomBooking/web/reception/receptionInfor.jsp</file>
            <file>file:/C:/Users/ADMIN/OneDrive/Desktop/Swp_ver4/Project_Hotel_RoomBooking/web/customer/includes/header.jsp</file>
            <file>file:/C:/Users/ADMIN/OneDrive/Desktop/Swp_ver4/Project_Hotel_RoomBooking/web/admin/includes/sidebar.jsp</file>
            <file>file:/C:/Users/ADMIN/OneDrive/Desktop/Swp_ver4/Project_Hotel_RoomBooking/src/java/valid/Encrypt.java</file>
        </group>
    </open-files>
</project-private>
